numOfCorrectlyPredicted,numOfPredicted,precision,recall,f1,threshold,lenOfSubclassOf,typesOfEmbeddings
1384,30130,0.04593428476601394,0.9129287598944591,0.08746761044049801,0.7,1.0,['entity']
1361,24484,0.05558732233295213,0.8977572559366754,0.1046923076923077,0.75,1.0,['entity']
1280,13078,0.09787429270530662,0.8443271767810027,0.1754145539262711,0.8,1.0,['entity']
1154,3541,0.3258966393674103,0.7612137203166227,0.4563970733636543,0.85,1.0,['entity']
1069,1643,0.6506390748630554,0.7051451187335093,0.6767964545742324,0.9,1.0,['entity']
1031,1094,0.9424131627056673,0.6800791556728232,0.7900383141762451,0.94,1.0,['entity']
1025,1065,0.9624413145539906,0.6761213720316622,0.7942657884540875,0.95,1.0,['entity']
1022,1046,0.9770554493307839,0.6741424802110818,0.7978142076502733,0.96,1.0,['entity']
1021,1039,0.9826756496631376,0.6734828496042217,0.7992172211350294,0.97,1.0,['entity']
1018,1034,0.9845261121856866,0.6715039577836411,0.7984313725490196,0.98,1.0,['entity']
1018,1031,0.9873908826382153,0.6715039577836411,0.7993718099725168,0.99,1.0,['entity']
1386,31197,0.04442734878353688,0.9142480211081794,0.08473695472747837,0.7,1.0,['triple']
1368,26844,0.05096110862762628,0.9023746701846965,0.09647390691114245,0.75,1.0,['triple']
1326,16859,0.07865235185954089,0.8746701846965699,0.1443265306122449,0.8,1.0,['triple']
1189,5094,0.23341185708676876,0.7843007915567283,0.35975794251134646,0.85,1.0,['triple']
1081,1706,0.6336459554513482,0.7130606860158312,0.6710117939168219,0.9,1.0,['triple']
1031,1094,0.9424131627056673,0.6800791556728232,0.7900383141762451,0.94,1.0,['triple']
1025,1065,0.9624413145539906,0.6761213720316622,0.7942657884540875,0.95,1.0,['triple']
1022,1046,0.9770554493307839,0.6741424802110818,0.7978142076502733,0.96,1.0,['triple']
1021,1039,0.9826756496631376,0.6734828496042217,0.7992172211350294,0.97,1.0,['triple']
1018,1034,0.9845261121856866,0.6715039577836411,0.7984313725490196,0.98,1.0,['triple']
1018,1031,0.9873908826382153,0.6715039577836411,0.7993718099725168,0.99,1.0,['triple']
1384,30130,0.04593428476601394,0.9129287598944591,0.08746761044049801,0.7,1.0,['path']
1361,24484,0.05558732233295213,0.8977572559366754,0.1046923076923077,0.75,1.0,['path']
1280,13078,0.09787429270530662,0.8443271767810027,0.1754145539262711,0.8,1.0,['path']
1154,3541,0.3258966393674103,0.7612137203166227,0.4563970733636543,0.85,1.0,['path']
1069,1643,0.6506390748630554,0.7051451187335093,0.6767964545742324,0.9,1.0,['path']
1031,1094,0.9424131627056673,0.6800791556728232,0.7900383141762451,0.94,1.0,['path']
1025,1065,0.9624413145539906,0.6761213720316622,0.7942657884540875,0.95,1.0,['path']
1022,1046,0.9770554493307839,0.6741424802110818,0.7978142076502733,0.96,1.0,['path']
1021,1039,0.9826756496631376,0.6734828496042217,0.7992172211350294,0.97,1.0,['path']
1018,1034,0.9845261121856866,0.6715039577836411,0.7984313725490196,0.98,1.0,['path']
1018,1031,0.9873908826382153,0.6715039577836411,0.7993718099725168,0.99,1.0,['path']
1386,31197,0.04442734878353688,0.9142480211081794,0.08473695472747837,0.7,1.0,"['entity', 'triple']"
1368,26844,0.05096110862762628,0.9023746701846965,0.09647390691114245,0.75,1.0,"['entity', 'triple']"
1326,16859,0.07865235185954089,0.8746701846965699,0.1443265306122449,0.8,1.0,"['entity', 'triple']"
1189,5094,0.23341185708676876,0.7843007915567283,0.35975794251134646,0.85,1.0,"['entity', 'triple']"
1081,1706,0.6336459554513482,0.7130606860158312,0.6710117939168219,0.9,1.0,"['entity', 'triple']"
1031,1094,0.9424131627056673,0.6800791556728232,0.7900383141762451,0.94,1.0,"['entity', 'triple']"
1025,1065,0.9624413145539906,0.6761213720316622,0.7942657884540875,0.95,1.0,"['entity', 'triple']"
1022,1046,0.9770554493307839,0.6741424802110818,0.7978142076502733,0.96,1.0,"['entity', 'triple']"
1021,1039,0.9826756496631376,0.6734828496042217,0.7992172211350294,0.97,1.0,"['entity', 'triple']"
1018,1034,0.9845261121856866,0.6715039577836411,0.7984313725490196,0.98,1.0,"['entity', 'triple']"
1018,1031,0.9873908826382153,0.6715039577836411,0.7993718099725168,0.99,1.0,"['entity', 'triple']"
1384,30130,0.04593428476601394,0.9129287598944591,0.08746761044049801,0.7,1.0,"['entity', 'path']"
1361,24484,0.05558732233295213,0.8977572559366754,0.1046923076923077,0.75,1.0,"['entity', 'path']"
1280,13078,0.09787429270530662,0.8443271767810027,0.1754145539262711,0.8,1.0,"['entity', 'path']"
1154,3541,0.3258966393674103,0.7612137203166227,0.4563970733636543,0.85,1.0,"['entity', 'path']"
1069,1643,0.6506390748630554,0.7051451187335093,0.6767964545742324,0.9,1.0,"['entity', 'path']"
1031,1094,0.9424131627056673,0.6800791556728232,0.7900383141762451,0.94,1.0,"['entity', 'path']"
1025,1065,0.9624413145539906,0.6761213720316622,0.7942657884540875,0.95,1.0,"['entity', 'path']"
1022,1046,0.9770554493307839,0.6741424802110818,0.7978142076502733,0.96,1.0,"['entity', 'path']"
1021,1039,0.9826756496631376,0.6734828496042217,0.7992172211350294,0.97,1.0,"['entity', 'path']"
1018,1034,0.9845261121856866,0.6715039577836411,0.7984313725490196,0.98,1.0,"['entity', 'path']"
1018,1031,0.9873908826382153,0.6715039577836411,0.7993718099725168,0.99,1.0,"['entity', 'path']"
1386,31197,0.04442734878353688,0.9142480211081794,0.08473695472747837,0.7,1.0,"['triple', 'path']"
1368,26844,0.05096110862762628,0.9023746701846965,0.09647390691114245,0.75,1.0,"['triple', 'path']"
1326,16859,0.07865235185954089,0.8746701846965699,0.1443265306122449,0.8,1.0,"['triple', 'path']"
1189,5094,0.23341185708676876,0.7843007915567283,0.35975794251134646,0.85,1.0,"['triple', 'path']"
1081,1706,0.6336459554513482,0.7130606860158312,0.6710117939168219,0.9,1.0,"['triple', 'path']"
1031,1094,0.9424131627056673,0.6800791556728232,0.7900383141762451,0.94,1.0,"['triple', 'path']"
1025,1065,0.9624413145539906,0.6761213720316622,0.7942657884540875,0.95,1.0,"['triple', 'path']"
1022,1046,0.9770554493307839,0.6741424802110818,0.7978142076502733,0.96,1.0,"['triple', 'path']"
1021,1039,0.9826756496631376,0.6734828496042217,0.7992172211350294,0.97,1.0,"['triple', 'path']"
1018,1034,0.9845261121856866,0.6715039577836411,0.7984313725490196,0.98,1.0,"['triple', 'path']"
1018,1031,0.9873908826382153,0.6715039577836411,0.7993718099725168,0.99,1.0,"['triple', 'path']"
1386,31197,0.04442734878353688,0.9142480211081794,0.08473695472747837,0.7,1.0,"['entity', 'triple', 'path']"
1368,26844,0.05096110862762628,0.9023746701846965,0.09647390691114245,0.75,1.0,"['entity', 'triple', 'path']"
1326,16859,0.07865235185954089,0.8746701846965699,0.1443265306122449,0.8,1.0,"['entity', 'triple', 'path']"
1189,5094,0.23341185708676876,0.7843007915567283,0.35975794251134646,0.85,1.0,"['entity', 'triple', 'path']"
1081,1706,0.6336459554513482,0.7130606860158312,0.6710117939168219,0.9,1.0,"['entity', 'triple', 'path']"
1031,1094,0.9424131627056673,0.6800791556728232,0.7900383141762451,0.94,1.0,"['entity', 'triple', 'path']"
1025,1065,0.9624413145539906,0.6761213720316622,0.7942657884540875,0.95,1.0,"['entity', 'triple', 'path']"
1022,1046,0.9770554493307839,0.6741424802110818,0.7978142076502733,0.96,1.0,"['entity', 'triple', 'path']"
1021,1039,0.9826756496631376,0.6734828496042217,0.7992172211350294,0.97,1.0,"['entity', 'triple', 'path']"
1018,1034,0.9845261121856866,0.6715039577836411,0.7984313725490196,0.98,1.0,"['entity', 'triple', 'path']"
1018,1031,0.9873908826382153,0.6715039577836411,0.7993718099725168,0.99,1.0,"['entity', 'triple', 'path']"
1397,29731,0.04698799233123676,0.9215039577836411,0.08941658399206323,0.7,2.0,['entity']
1367,22122,0.06179368953982461,0.9017150395778364,0.1156612234537609,0.75,2.0,['entity']
1234,10903,0.11317985875447124,0.8139841688654353,0.19872775585795957,0.8,2.0,['entity']
1109,3206,0.34591391141609484,0.7315303430079155,0.46971622193985596,0.85,2.0,['entity']
1046,1805,0.5795013850415512,0.6899736147757256,0.629930743751882,0.9,2.0,['entity']
1023,1098,0.9316939890710383,0.674802110817942,0.782708492731446,0.94,2.0,['entity']
1017,1048,0.9704198473282443,0.670844327176781,0.7932917316692667,0.95,2.0,['entity']
1013,1033,0.9806389157792836,0.6682058047493403,0.7948214986269124,0.96,2.0,['entity']
1010,1024,0.986328125,0.6662269129287599,0.7952755905511811,0.97,2.0,['entity']
1008,1021,0.9872673849167483,0.6649076517150396,0.794639337800552,0.98,2.0,['entity']
1008,1021,0.9872673849167483,0.6649076517150396,0.794639337800552,0.99,2.0,['entity']
1401,31065,0.045098985997102846,0.9241424802110818,0.086001043552991,0.7,2.0,['triple']
1379,24913,0.05535262714245574,0.9096306068601583,0.10435506451246736,0.75,2.0,['triple']
1274,14175,0.08987654320987655,0.8403693931398417,0.1623860811930406,0.8,2.0,['triple']
1129,4650,0.24279569892473118,0.7447229551451188,0.3662017515407071,0.85,2.0,['triple']
1050,1833,0.5728314238952537,0.6926121372031663,0.6270528515974918,0.9,2.0,['triple']
1024,1099,0.9317561419472248,0.6754617414248021,0.7831739961759082,0.94,2.0,['triple']
1017,1048,0.9704198473282443,0.670844327176781,0.7932917316692667,0.95,2.0,['triple']
1013,1033,0.9806389157792836,0.6682058047493403,0.7948214986269124,0.96,2.0,['triple']
1010,1024,0.986328125,0.6662269129287599,0.7952755905511811,0.97,2.0,['triple']
1008,1021,0.9872673849167483,0.6649076517150396,0.794639337800552,0.98,2.0,['triple']
1008,1021,0.9872673849167483,0.6649076517150396,0.794639337800552,0.99,2.0,['triple']
1355,25065,0.054059445441851185,0.8937994722955145,0.10195252247846205,0.7,2.0,['path']
1223,13521,0.09045188965313217,0.8067282321899736,0.16266542528429873,0.75,2.0,['path']
1138,8035,0.1416303671437461,0.7506596306068601,0.2382996544864412,0.8,2.0,['path']
1079,4451,0.24241743428443047,0.7117414248021108,0.3616557734204793,0.85,2.0,['path']
1035,1865,0.5549597855227882,0.6827176781002638,0.6122448979591837,0.9,2.0,['path']
1018,1219,0.8351107465135357,0.6715039577836411,0.7444241316270568,0.94,2.0,['path']
1014,1066,0.9512195121951219,0.6688654353562006,0.785437645236251,0.95,2.0,['path']
1013,1033,0.9806389157792836,0.6682058047493403,0.7948214986269124,0.96,2.0,['path']
1010,1024,0.986328125,0.6662269129287599,0.7952755905511811,0.97,2.0,['path']
1008,1021,0.9872673849167483,0.6649076517150396,0.794639337800552,0.98,2.0,['path']
1008,1021,0.9872673849167483,0.6649076517150396,0.794639337800552,0.99,2.0,['path']
1401,31065,0.045098985997102846,0.9241424802110818,0.086001043552991,0.7,2.0,"['entity', 'triple']"
1379,24913,0.05535262714245574,0.9096306068601583,0.10435506451246736,0.75,2.0,"['entity', 'triple']"
1274,14175,0.08987654320987655,0.8403693931398417,0.1623860811930406,0.8,2.0,"['entity', 'triple']"
1129,4650,0.24279569892473118,0.7447229551451188,0.3662017515407071,0.85,2.0,"['entity', 'triple']"
1050,1833,0.5728314238952537,0.6926121372031663,0.6270528515974918,0.9,2.0,"['entity', 'triple']"
1024,1099,0.9317561419472248,0.6754617414248021,0.7831739961759082,0.94,2.0,"['entity', 'triple']"
1017,1048,0.9704198473282443,0.670844327176781,0.7932917316692667,0.95,2.0,"['entity', 'triple']"
1013,1033,0.9806389157792836,0.6682058047493403,0.7948214986269124,0.96,2.0,"['entity', 'triple']"
1010,1024,0.986328125,0.6662269129287599,0.7952755905511811,0.97,2.0,"['entity', 'triple']"
1008,1021,0.9872673849167483,0.6649076517150396,0.794639337800552,0.98,2.0,"['entity', 'triple']"
1008,1021,0.9872673849167483,0.6649076517150396,0.794639337800552,0.99,2.0,"['entity', 'triple']"
1355,25065,0.054059445441851185,0.8937994722955145,0.10195252247846205,0.7,2.0,"['entity', 'path']"
1223,13521,0.09045188965313217,0.8067282321899736,0.16266542528429873,0.75,2.0,"['entity', 'path']"
1138,8035,0.1416303671437461,0.7506596306068601,0.2382996544864412,0.8,2.0,"['entity', 'path']"
1079,4451,0.24241743428443047,0.7117414248021108,0.3616557734204793,0.85,2.0,"['entity', 'path']"
1035,1865,0.5549597855227882,0.6827176781002638,0.6122448979591837,0.9,2.0,"['entity', 'path']"
1018,1219,0.8351107465135357,0.6715039577836411,0.7444241316270568,0.94,2.0,"['entity', 'path']"
1014,1066,0.9512195121951219,0.6688654353562006,0.785437645236251,0.95,2.0,"['entity', 'path']"
1013,1033,0.9806389157792836,0.6682058047493403,0.7948214986269124,0.96,2.0,"['entity', 'path']"
1010,1024,0.986328125,0.6662269129287599,0.7952755905511811,0.97,2.0,"['entity', 'path']"
1008,1021,0.9872673849167483,0.6649076517150396,0.794639337800552,0.98,2.0,"['entity', 'path']"
1008,1021,0.9872673849167483,0.6649076517150396,0.794639337800552,0.99,2.0,"['entity', 'path']"
1399,30784,0.045445686070686074,0.9228232189973615,0.08662538699690403,0.7,2.0,"['triple', 'path']"
1360,23671,0.05745426893667357,0.8970976253298153,0.10799221820780562,0.75,2.0,"['triple', 'path']"
1240,11852,0.10462369220384746,0.8179419525065963,0.18551765409934173,0.8,2.0,"['triple', 'path']"
1119,4935,0.22674772036474164,0.7381266490765171,0.34692295768097975,0.85,2.0,"['triple', 'path']"
1042,1872,0.5566239316239316,0.6873350923482849,0.615112160566706,0.9,2.0,"['triple', 'path']"
1018,1160,0.8775862068965518,0.6715039577836411,0.7608370702541106,0.94,2.0,"['triple', 'path']"
1014,1051,0.9647954329210275,0.6688654353562006,0.79002726918582,0.95,2.0,"['triple', 'path']"
1013,1033,0.9806389157792836,0.6682058047493403,0.7948214986269124,0.96,2.0,"['triple', 'path']"
1010,1024,0.986328125,0.6662269129287599,0.7952755905511811,0.97,2.0,"['triple', 'path']"
1008,1021,0.9872673849167483,0.6649076517150396,0.794639337800552,0.98,2.0,"['triple', 'path']"
1008,1021,0.9872673849167483,0.6649076517150396,0.794639337800552,0.99,2.0,"['triple', 'path']"
1399,30784,0.045445686070686074,0.9228232189973615,0.08662538699690403,0.7,2.0,"['entity', 'triple', 'path']"
1360,23671,0.05745426893667357,0.8970976253298153,0.10799221820780562,0.75,2.0,"['entity', 'triple', 'path']"
1240,11852,0.10462369220384746,0.8179419525065963,0.18551765409934173,0.8,2.0,"['entity', 'triple', 'path']"
1119,4935,0.22674772036474164,0.7381266490765171,0.34692295768097975,0.85,2.0,"['entity', 'triple', 'path']"
1042,1872,0.5566239316239316,0.6873350923482849,0.615112160566706,0.9,2.0,"['entity', 'triple', 'path']"
1018,1160,0.8775862068965518,0.6715039577836411,0.7608370702541106,0.94,2.0,"['entity', 'triple', 'path']"
1014,1051,0.9647954329210275,0.6688654353562006,0.79002726918582,0.95,2.0,"['entity', 'triple', 'path']"
1013,1033,0.9806389157792836,0.6682058047493403,0.7948214986269124,0.96,2.0,"['entity', 'triple', 'path']"
1010,1024,0.986328125,0.6662269129287599,0.7952755905511811,0.97,2.0,"['entity', 'triple', 'path']"
1008,1021,0.9872673849167483,0.6649076517150396,0.794639337800552,0.98,2.0,"['entity', 'triple', 'path']"
1008,1021,0.9872673849167483,0.6649076517150396,0.794639337800552,0.99,2.0,"['entity', 'triple', 'path']"
1390,29474,0.04716020899776074,0.91688654353562,0.08970635688931912,0.7,3.0,['entity']
1348,21012,0.06415381686655244,0.8891820580474934,0.11967329545454544,0.75,3.0,['entity']
1190,9615,0.12376495059802392,0.7849604221635884,0.2138172670919055,0.8,3.0,['entity']
1080,3829,0.28205797858448683,0.712401055408971,0.4041159962581853,0.85,3.0,['entity']
1033,1590,0.6496855345911949,0.6813984168865436,0.665164198325821,0.9,3.0,['entity']
1015,1042,0.974088291746641,0.6695250659630607,0.7935887412040658,0.94,3.0,['entity']
1013,1037,0.9768563162970106,0.6682058047493403,0.7935761848805326,0.95,3.0,['entity']
1012,1035,0.9777777777777777,0.6675461741424802,0.7934143473147786,0.96,3.0,['entity']
1012,1028,0.9844357976653697,0.6675461741424802,0.7955974842767296,0.97,3.0,['entity']
1010,1023,0.9872922776148583,0.6662269129287599,0.7955888144938952,0.98,3.0,['entity']
1008,1021,0.9872673849167483,0.6649076517150396,0.794639337800552,0.99,3.0,['entity']
1396,30911,0.045161916469865095,0.920844327176781,0.08610108859900699,0.7,3.0,['triple']
1366,23873,0.05721945293846605,0.9010554089709762,0.10760565599275278,0.75,3.0,['triple']
1225,12739,0.09616139414396735,0.808047493403694,0.17186951946685372,0.8,3.0,['triple']
1087,4279,0.2540313157279738,0.7170184696569921,0.37515099223468507,0.85,3.0,['triple']
1032,1549,0.6662362814719174,0.6807387862796834,0.6734094616639479,0.9,3.0,['triple']
1015,1047,0.9694364851957975,0.6695250659630607,0.7920405774483028,0.94,3.0,['triple']
1013,1038,0.9759152215799615,0.6682058047493403,0.793265465935787,0.95,3.0,['triple']
1012,1035,0.9777777777777777,0.6675461741424802,0.7934143473147786,0.96,3.0,['triple']
1012,1028,0.9844357976653697,0.6675461741424802,0.7955974842767296,0.97,3.0,['triple']
1010,1023,0.9872922776148583,0.6662269129287599,0.7955888144938952,0.98,3.0,['triple']
1008,1021,0.9872673849167483,0.6649076517150396,0.794639337800552,0.99,3.0,['triple']
1335,24506,0.054476454745776545,0.8806068601583114,0.10260548766428407,0.7,3.0,['path']
1191,13033,0.09138341134044349,0.7856200527704486,0.16372259261804936,0.75,3.0,['path']
1117,8097,0.13795232802272447,0.7368073878627969,0.23239363362113807,0.8,3.0,['path']
1075,4504,0.23867673179396093,0.7091029023746702,0.35714285714285715,0.85,3.0,['path']
1036,2118,0.48914069877242683,0.683377308707124,0.5701706108970831,0.9,3.0,['path']
1013,1051,0.9638439581351094,0.6682058047493403,0.789248149590962,0.94,3.0,['path']
1012,1037,0.9758919961427194,0.6675461741424802,0.7927927927927929,0.95,3.0,['path']
1012,1036,0.9768339768339769,0.6675461741424802,0.7931034482758622,0.96,3.0,['path']
1012,1028,0.9844357976653697,0.6675461741424802,0.7955974842767296,0.97,3.0,['path']
1010,1023,0.9872922776148583,0.6662269129287599,0.7955888144938952,0.98,3.0,['path']
1008,1021,0.9872673849167483,0.6649076517150396,0.794639337800552,0.99,3.0,['path']
1396,30911,0.045161916469865095,0.920844327176781,0.08610108859900699,0.7,3.0,"['entity', 'triple']"
1366,23873,0.05721945293846605,0.9010554089709762,0.10760565599275278,0.75,3.0,"['entity', 'triple']"
1225,12739,0.09616139414396735,0.808047493403694,0.17186951946685372,0.8,3.0,"['entity', 'triple']"
1087,4279,0.2540313157279738,0.7170184696569921,0.37515099223468507,0.85,3.0,"['entity', 'triple']"
1032,1549,0.6662362814719174,0.6807387862796834,0.6734094616639479,0.9,3.0,"['entity', 'triple']"
1015,1047,0.9694364851957975,0.6695250659630607,0.7920405774483028,0.94,3.0,"['entity', 'triple']"
1013,1038,0.9759152215799615,0.6682058047493403,0.793265465935787,0.95,3.0,"['entity', 'triple']"
1012,1035,0.9777777777777777,0.6675461741424802,0.7934143473147786,0.96,3.0,"['entity', 'triple']"
1012,1028,0.9844357976653697,0.6675461741424802,0.7955974842767296,0.97,3.0,"['entity', 'triple']"
1010,1023,0.9872922776148583,0.6662269129287599,0.7955888144938952,0.98,3.0,"['entity', 'triple']"
1008,1021,0.9872673849167483,0.6649076517150396,0.794639337800552,0.99,3.0,"['entity', 'triple']"
1335,24506,0.054476454745776545,0.8806068601583114,0.10260548766428407,0.7,3.0,"['entity', 'path']"
1191,13033,0.09138341134044349,0.7856200527704486,0.16372259261804936,0.75,3.0,"['entity', 'path']"
1117,8097,0.13795232802272447,0.7368073878627969,0.23239363362113807,0.8,3.0,"['entity', 'path']"
1075,4504,0.23867673179396093,0.7091029023746702,0.35714285714285715,0.85,3.0,"['entity', 'path']"
1036,2118,0.48914069877242683,0.683377308707124,0.5701706108970831,0.9,3.0,"['entity', 'path']"
1013,1051,0.9638439581351094,0.6682058047493403,0.789248149590962,0.94,3.0,"['entity', 'path']"
1012,1037,0.9758919961427194,0.6675461741424802,0.7927927927927929,0.95,3.0,"['entity', 'path']"
1012,1036,0.9768339768339769,0.6675461741424802,0.7931034482758622,0.96,3.0,"['entity', 'path']"
1012,1028,0.9844357976653697,0.6675461741424802,0.7955974842767296,0.97,3.0,"['entity', 'path']"
1010,1023,0.9872922776148583,0.6662269129287599,0.7955888144938952,0.98,3.0,"['entity', 'path']"
1008,1021,0.9872673849167483,0.6649076517150396,0.794639337800552,0.99,3.0,"['entity', 'path']"
1393,30726,0.045336197357286986,0.9188654353562006,0.0864090316977855,0.7,3.0,"['triple', 'path']"
1349,23213,0.05811398785163486,0.8898416886543535,0.10910267297504952,0.75,3.0,"['triple', 'path']"
1204,11115,0.10832208726945569,0.7941952506596306,0.19064207109492518,0.8,3.0,"['triple', 'path']"
1083,4637,0.23355617856372654,0.7143799472295514,0.35202340321794245,0.85,3.0,"['triple', 'path']"
1037,1910,0.5429319371727749,0.6840369393139841,0.6053706946876823,0.9,3.0,"['triple', 'path']"
1012,1045,0.968421052631579,0.6675461741424802,0.7903162827020696,0.94,3.0,"['triple', 'path']"
1012,1037,0.9758919961427194,0.6675461741424802,0.7927927927927929,0.95,3.0,"['triple', 'path']"
1012,1035,0.9777777777777777,0.6675461741424802,0.7934143473147786,0.96,3.0,"['triple', 'path']"
1012,1028,0.9844357976653697,0.6675461741424802,0.7955974842767296,0.97,3.0,"['triple', 'path']"
1010,1023,0.9872922776148583,0.6662269129287599,0.7955888144938952,0.98,3.0,"['triple', 'path']"
1008,1021,0.9872673849167483,0.6649076517150396,0.794639337800552,0.99,3.0,"['triple', 'path']"
1393,30726,0.045336197357286986,0.9188654353562006,0.0864090316977855,0.7,3.0,"['entity', 'triple', 'path']"
1349,23213,0.05811398785163486,0.8898416886543535,0.10910267297504952,0.75,3.0,"['entity', 'triple', 'path']"
1204,11115,0.10832208726945569,0.7941952506596306,0.19064207109492518,0.8,3.0,"['entity', 'triple', 'path']"
1083,4637,0.23355617856372654,0.7143799472295514,0.35202340321794245,0.85,3.0,"['entity', 'triple', 'path']"
1037,1910,0.5429319371727749,0.6840369393139841,0.6053706946876823,0.9,3.0,"['entity', 'triple', 'path']"
1012,1045,0.968421052631579,0.6675461741424802,0.7903162827020696,0.94,3.0,"['entity', 'triple', 'path']"
1012,1037,0.9758919961427194,0.6675461741424802,0.7927927927927929,0.95,3.0,"['entity', 'triple', 'path']"
1012,1035,0.9777777777777777,0.6675461741424802,0.7934143473147786,0.96,3.0,"['entity', 'triple', 'path']"
1012,1028,0.9844357976653697,0.6675461741424802,0.7955974842767296,0.97,3.0,"['entity', 'triple', 'path']"
1010,1023,0.9872922776148583,0.6662269129287599,0.7955888144938952,0.98,3.0,"['entity', 'triple', 'path']"
1008,1021,0.9872673849167483,0.6649076517150396,0.794639337800552,0.99,3.0,"['entity', 'triple', 'path']"
1390,29401,0.04727730349307847,0.91688654353562,0.08991816799818869,0.7,4.0,['entity']
1337,20386,0.065584224467772,0.8819261213720316,0.12208930691261072,0.75,4.0,['entity']
1155,8708,0.13263665594855306,0.7618733509234829,0.22593896713615025,0.8,4.0,['entity']
1048,3466,0.3023658395845355,0.6912928759894459,0.42071457246085914,0.85,4.0,['entity']
1027,1097,0.9361896080218779,0.6774406332453826,0.7860696517412935,0.9,4.0,['entity']
1012,1027,0.98539435248296,0.6675461741424802,0.7959103421156115,0.94,4.0,['entity']
1009,1022,0.987279843444227,0.6655672823218998,0.7951142631993695,0.95,4.0,['entity']
1008,1021,0.9872673849167483,0.6649076517150396,0.794639337800552,0.96,4.0,['entity']
1008,1021,0.9872673849167483,0.6649076517150396,0.794639337800552,0.97,4.0,['entity']
1008,1021,0.9872673849167483,0.6649076517150396,0.794639337800552,0.98,4.0,['entity']
1008,1021,0.9872673849167483,0.6649076517150396,0.794639337800552,0.99,4.0,['entity']
1392,30831,0.04514936265447115,0.9182058047493403,0.0860667140693109,0.7,4.0,['triple']
1352,23578,0.057341589617439986,0.8918205804749341,0.10775484179485134,0.75,4.0,['triple']
1193,11031,0.10814975976792675,0.7869393139841688,0.19016497967641666,0.8,4.0,['triple']
1061,3854,0.2752983912817852,0.6998680738786279,0.3951582867783985,0.85,4.0,['triple']
1025,1106,0.9267631103074141,0.6761213720316622,0.7818459191456901,0.9,4.0,['triple']
1013,1028,0.9854085603112841,0.6682058047493403,0.796383647798742,0.94,4.0,['triple']
1009,1022,0.987279843444227,0.6655672823218998,0.7951142631993695,0.95,4.0,['triple']
1008,1021,0.9872673849167483,0.6649076517150396,0.794639337800552,0.96,4.0,['triple']
1008,1021,0.9872673849167483,0.6649076517150396,0.794639337800552,0.97,4.0,['triple']
1008,1021,0.9872673849167483,0.6649076517150396,0.794639337800552,0.98,4.0,['triple']
1008,1021,0.9872673849167483,0.6649076517150396,0.794639337800552,0.99,4.0,['triple']
1321,24150,0.054699792960662526,0.8713720316622692,0.10293773864256216,0.7,4.0,['path']
1169,12730,0.09183032207384131,0.771108179419525,0.1641162431559736,0.75,4.0,['path']
1132,8149,0.1389127500306786,0.7467018469656992,0.23424728401448525,0.8,4.0,['path']
1067,4715,0.22629904559915165,0.7038258575197889,0.3424811426737281,0.85,4.0,['path']
1028,1462,0.7031463748290013,0.6781002638522428,0.6903962390866354,0.9,4.0,['path']
1012,1037,0.9758919961427194,0.6675461741424802,0.7927927927927929,0.94,4.0,['path']
1010,1023,0.9872922776148583,0.6662269129287599,0.7955888144938952,0.95,4.0,['path']
1008,1021,0.9872673849167483,0.6649076517150396,0.794639337800552,0.96,4.0,['path']
1008,1021,0.9872673849167483,0.6649076517150396,0.794639337800552,0.97,4.0,['path']
1008,1021,0.9872673849167483,0.6649076517150396,0.794639337800552,0.98,4.0,['path']
1008,1021,0.9872673849167483,0.6649076517150396,0.794639337800552,0.99,4.0,['path']
1392,30831,0.04514936265447115,0.9182058047493403,0.0860667140693109,0.7,4.0,"['entity', 'triple']"
1352,23578,0.057341589617439986,0.8918205804749341,0.10775484179485134,0.75,4.0,"['entity', 'triple']"
1193,11031,0.10814975976792675,0.7869393139841688,0.19016497967641666,0.8,4.0,"['entity', 'triple']"
1061,3854,0.2752983912817852,0.6998680738786279,0.3951582867783985,0.85,4.0,"['entity', 'triple']"
1025,1106,0.9267631103074141,0.6761213720316622,0.7818459191456901,0.9,4.0,"['entity', 'triple']"
1013,1028,0.9854085603112841,0.6682058047493403,0.796383647798742,0.94,4.0,"['entity', 'triple']"
1009,1022,0.987279843444227,0.6655672823218998,0.7951142631993695,0.95,4.0,"['entity', 'triple']"
1008,1021,0.9872673849167483,0.6649076517150396,0.794639337800552,0.96,4.0,"['entity', 'triple']"
1008,1021,0.9872673849167483,0.6649076517150396,0.794639337800552,0.97,4.0,"['entity', 'triple']"
1008,1021,0.9872673849167483,0.6649076517150396,0.794639337800552,0.98,4.0,"['entity', 'triple']"
1008,1021,0.9872673849167483,0.6649076517150396,0.794639337800552,0.99,4.0,"['entity', 'triple']"
1321,24150,0.054699792960662526,0.8713720316622692,0.10293773864256216,0.7,4.0,"['entity', 'path']"
1169,12730,0.09183032207384131,0.771108179419525,0.1641162431559736,0.75,4.0,"['entity', 'path']"
1132,8149,0.1389127500306786,0.7467018469656992,0.23424728401448525,0.8,4.0,"['entity', 'path']"
1067,4715,0.22629904559915165,0.7038258575197889,0.3424811426737281,0.85,4.0,"['entity', 'path']"
1028,1462,0.7031463748290013,0.6781002638522428,0.6903962390866354,0.9,4.0,"['entity', 'path']"
1012,1037,0.9758919961427194,0.6675461741424802,0.7927927927927929,0.94,4.0,"['entity', 'path']"
1010,1023,0.9872922776148583,0.6662269129287599,0.7955888144938952,0.95,4.0,"['entity', 'path']"
1008,1021,0.9872673849167483,0.6649076517150396,0.794639337800552,0.96,4.0,"['entity', 'path']"
1008,1021,0.9872673849167483,0.6649076517150396,0.794639337800552,0.97,4.0,"['entity', 'path']"
1008,1021,0.9872673849167483,0.6649076517150396,0.794639337800552,0.98,4.0,"['entity', 'path']"
1008,1021,0.9872673849167483,0.6649076517150396,0.794639337800552,0.99,4.0,"['entity', 'path']"
1391,30740,0.045250487963565386,0.9175461741424802,0.08624751984126984,0.7,4.0,"['triple', 'path']"
1330,22963,0.0579192614205461,0.8773087071240105,0.10866456963111239,0.75,4.0,"['triple', 'path']"
1183,10506,0.11260232248239102,0.7803430079155673,0.19680585593079356,0.8,4.0,"['triple', 'path']"
1072,4689,0.22862017487737257,0.7071240105540897,0.34552780016116036,0.85,4.0,"['triple', 'path']"
1029,1276,0.8064263322884012,0.6787598944591029,0.7371060171919771,0.9,4.0,"['triple', 'path']"
1012,1030,0.9825242718446602,0.6675461741424802,0.7949725058915947,0.94,4.0,"['triple', 'path']"
1009,1022,0.987279843444227,0.6655672823218998,0.7951142631993695,0.95,4.0,"['triple', 'path']"
1008,1021,0.9872673849167483,0.6649076517150396,0.794639337800552,0.96,4.0,"['triple', 'path']"
1008,1021,0.9872673849167483,0.6649076517150396,0.794639337800552,0.97,4.0,"['triple', 'path']"
1008,1021,0.9872673849167483,0.6649076517150396,0.794639337800552,0.98,4.0,"['triple', 'path']"
1008,1021,0.9872673849167483,0.6649076517150396,0.794639337800552,0.99,4.0,"['triple', 'path']"
1391,30740,0.045250487963565386,0.9175461741424802,0.08624751984126984,0.7,4.0,"['entity', 'triple', 'path']"
1330,22963,0.0579192614205461,0.8773087071240105,0.10866456963111239,0.75,4.0,"['entity', 'triple', 'path']"
1183,10506,0.11260232248239102,0.7803430079155673,0.19680585593079356,0.8,4.0,"['entity', 'triple', 'path']"
1072,4689,0.22862017487737257,0.7071240105540897,0.34552780016116036,0.85,4.0,"['entity', 'triple', 'path']"
1029,1276,0.8064263322884012,0.6787598944591029,0.7371060171919771,0.9,4.0,"['entity', 'triple', 'path']"
1012,1030,0.9825242718446602,0.6675461741424802,0.7949725058915947,0.94,4.0,"['entity', 'triple', 'path']"
1009,1022,0.987279843444227,0.6655672823218998,0.7951142631993695,0.95,4.0,"['entity', 'triple', 'path']"
1008,1021,0.9872673849167483,0.6649076517150396,0.794639337800552,0.96,4.0,"['entity', 'triple', 'path']"
1008,1021,0.9872673849167483,0.6649076517150396,0.794639337800552,0.97,4.0,"['entity', 'triple', 'path']"
1008,1021,0.9872673849167483,0.6649076517150396,0.794639337800552,0.98,4.0,"['entity', 'triple', 'path']"
1008,1021,0.9872673849167483,0.6649076517150396,0.794639337800552,0.99,4.0,"['entity', 'triple', 'path']"
1389,29464,0.047142275319033394,0.9162269129287599,0.08967075532601677,0.7,5.0,['entity']
1322,19986,0.06614630241168819,0.8720316622691293,0.12296530555297183,0.75,5.0,['entity']
1141,7993,0.1427499061678969,0.7526385224274407,0.2399831738353139,0.8,5.0,['entity']
1039,2128,0.4882518796992481,0.6853562005277045,0.5702524698133918,0.85,5.0,['entity']
1020,1064,0.9586466165413534,0.6728232189973615,0.7906976744186047,0.9,5.0,['entity']
1011,1026,0.9853801169590644,0.66688654353562,0.7954366640440597,0.94,5.0,['entity']
1009,1022,0.987279843444227,0.6655672823218998,0.7951142631993695,0.95,5.0,['entity']
1008,1021,0.9872673849167483,0.6649076517150396,0.794639337800552,0.96,5.0,['entity']
1008,1021,0.9872673849167483,0.6649076517150396,0.794639337800552,0.97,5.0,['entity']
1008,1021,0.9872673849167483,0.6649076517150396,0.794639337800552,0.98,5.0,['entity']
1008,1021,0.9872673849167483,0.6649076517150396,0.794639337800552,0.99,5.0,['entity']
1392,30869,0.04509378340730182,0.9182058047493403,0.0859657248726262,0.7,5.0,['triple']
1345,23474,0.0572974354605095,0.887203166226913,0.10764305722288917,0.75,5.0,['triple']
1177,10301,0.11426075138336084,0.7763852242744064,0.19920453583819922,0.8,5.0,['triple']
1044,2646,0.3945578231292517,0.6886543535620053,0.501681883709755,0.85,5.0,['triple']
1025,1080,0.9490740740740741,0.6761213720316622,0.7896764252696454,0.9,5.0,['triple']
1011,1026,0.9853801169590644,0.66688654353562,0.7954366640440597,0.94,5.0,['triple']
1009,1022,0.987279843444227,0.6655672823218998,0.7951142631993695,0.95,5.0,['triple']
1008,1021,0.9872673849167483,0.6649076517150396,0.794639337800552,0.96,5.0,['triple']
1008,1021,0.9872673849167483,0.6649076517150396,0.794639337800552,0.97,5.0,['triple']
1008,1021,0.9872673849167483,0.6649076517150396,0.794639337800552,0.98,5.0,['triple']
1008,1021,0.9872673849167483,0.6649076517150396,0.794639337800552,0.99,5.0,['triple']
1316,23984,0.05486991327551701,0.8680738786279684,0.1032156862745098,0.7,5.0,['path']
1163,12583,0.09242628943813082,0.7671503957783641,0.16497623944960638,0.75,5.0,['path']
1129,7961,0.14181635472930537,0.7447229551451188,0.2382610530758679,0.8,5.0,['path']
1055,4172,0.2528763183125599,0.695910290237467,0.3709563994374121,0.85,5.0,['path']
1022,1112,0.9190647482014388,0.6741424802110818,0.7777777777777777,0.9,5.0,['path']
1008,1021,0.9872673849167483,0.6649076517150396,0.794639337800552,0.94,5.0,['path']
1008,1021,0.9872673849167483,0.6649076517150396,0.794639337800552,0.95,5.0,['path']
1008,1021,0.9872673849167483,0.6649076517150396,0.794639337800552,0.96,5.0,['path']
1008,1021,0.9872673849167483,0.6649076517150396,0.794639337800552,0.97,5.0,['path']
1008,1021,0.9872673849167483,0.6649076517150396,0.794639337800552,0.98,5.0,['path']
1008,1021,0.9872673849167483,0.6649076517150396,0.794639337800552,0.99,5.0,['path']
1392,30869,0.04509378340730182,0.9182058047493403,0.0859657248726262,0.7,5.0,"['entity', 'triple']"
1345,23474,0.0572974354605095,0.887203166226913,0.10764305722288917,0.75,5.0,"['entity', 'triple']"
1177,10301,0.11426075138336084,0.7763852242744064,0.19920453583819922,0.8,5.0,"['entity', 'triple']"
1044,2646,0.3945578231292517,0.6886543535620053,0.501681883709755,0.85,5.0,"['entity', 'triple']"
1025,1080,0.9490740740740741,0.6761213720316622,0.7896764252696454,0.9,5.0,"['entity', 'triple']"
1011,1026,0.9853801169590644,0.66688654353562,0.7954366640440597,0.94,5.0,"['entity', 'triple']"
1009,1022,0.987279843444227,0.6655672823218998,0.7951142631993695,0.95,5.0,"['entity', 'triple']"
1008,1021,0.9872673849167483,0.6649076517150396,0.794639337800552,0.96,5.0,"['entity', 'triple']"
1008,1021,0.9872673849167483,0.6649076517150396,0.794639337800552,0.97,5.0,"['entity', 'triple']"
1008,1021,0.9872673849167483,0.6649076517150396,0.794639337800552,0.98,5.0,"['entity', 'triple']"
1008,1021,0.9872673849167483,0.6649076517150396,0.794639337800552,0.99,5.0,"['entity', 'triple']"
1316,23984,0.05486991327551701,0.8680738786279684,0.1032156862745098,0.7,5.0,"['entity', 'path']"
1163,12583,0.09242628943813082,0.7671503957783641,0.16497623944960638,0.75,5.0,"['entity', 'path']"
1129,7961,0.14181635472930537,0.7447229551451188,0.2382610530758679,0.8,5.0,"['entity', 'path']"
1055,4172,0.2528763183125599,0.695910290237467,0.3709563994374121,0.85,5.0,"['entity', 'path']"
1022,1112,0.9190647482014388,0.6741424802110818,0.7777777777777777,0.9,5.0,"['entity', 'path']"
1008,1021,0.9872673849167483,0.6649076517150396,0.794639337800552,0.94,5.0,"['entity', 'path']"
1008,1021,0.9872673849167483,0.6649076517150396,0.794639337800552,0.95,5.0,"['entity', 'path']"
1008,1021,0.9872673849167483,0.6649076517150396,0.794639337800552,0.96,5.0,"['entity', 'path']"
1008,1021,0.9872673849167483,0.6649076517150396,0.794639337800552,0.97,5.0,"['entity', 'path']"
1008,1021,0.9872673849167483,0.6649076517150396,0.794639337800552,0.98,5.0,"['entity', 'path']"
1008,1021,0.9872673849167483,0.6649076517150396,0.794639337800552,0.99,5.0,"['entity', 'path']"
1391,30799,0.04516380401961102,0.9175461741424802,0.08609005105987931,0.7,5.0,"['triple', 'path']"
1328,22904,0.057981138665735246,0.8759894459102903,0.10876330876330877,0.75,5.0,"['triple', 'path']"
1173,9933,0.11809121111446692,0.7737467018469657,0.20490872565289545,0.8,5.0,"['triple', 'path']"
1060,3921,0.27033919918388166,0.6992084432717678,0.38992091226779474,0.85,5.0,"['triple', 'path']"
1026,1093,0.938700823421775,0.6767810026385225,0.7865082407052513,0.9,5.0,"['triple', 'path']"
1008,1021,0.9872673849167483,0.6649076517150396,0.794639337800552,0.94,5.0,"['triple', 'path']"
1008,1021,0.9872673849167483,0.6649076517150396,0.794639337800552,0.95,5.0,"['triple', 'path']"
1008,1021,0.9872673849167483,0.6649076517150396,0.794639337800552,0.96,5.0,"['triple', 'path']"
1008,1021,0.9872673849167483,0.6649076517150396,0.794639337800552,0.97,5.0,"['triple', 'path']"
1008,1021,0.9872673849167483,0.6649076517150396,0.794639337800552,0.98,5.0,"['triple', 'path']"
1008,1021,0.9872673849167483,0.6649076517150396,0.794639337800552,0.99,5.0,"['triple', 'path']"
1391,30799,0.04516380401961102,0.9175461741424802,0.08609005105987931,0.7,5.0,"['entity', 'triple', 'path']"
1328,22904,0.057981138665735246,0.8759894459102903,0.10876330876330877,0.75,5.0,"['entity', 'triple', 'path']"
1173,9933,0.11809121111446692,0.7737467018469657,0.20490872565289545,0.8,5.0,"['entity', 'triple', 'path']"
1060,3921,0.27033919918388166,0.6992084432717678,0.38992091226779474,0.85,5.0,"['entity', 'triple', 'path']"
1026,1093,0.938700823421775,0.6767810026385225,0.7865082407052513,0.9,5.0,"['entity', 'triple', 'path']"
1008,1021,0.9872673849167483,0.6649076517150396,0.794639337800552,0.94,5.0,"['entity', 'triple', 'path']"
1008,1021,0.9872673849167483,0.6649076517150396,0.794639337800552,0.95,5.0,"['entity', 'triple', 'path']"
1008,1021,0.9872673849167483,0.6649076517150396,0.794639337800552,0.96,5.0,"['entity', 'triple', 'path']"
1008,1021,0.9872673849167483,0.6649076517150396,0.794639337800552,0.97,5.0,"['entity', 'triple', 'path']"
1008,1021,0.9872673849167483,0.6649076517150396,0.794639337800552,0.98,5.0,"['entity', 'triple', 'path']"
1008,1021,0.9872673849167483,0.6649076517150396,0.794639337800552,0.99,5.0,"['entity', 'triple', 'path']"
1389,29543,0.04701621365467285,0.9162269129287599,0.08944267362117261,0.7,,['entity']
1315,19802,0.0664074335925664,0.8674142480211082,0.12336992213153201,0.75,,['entity']
1132,7474,0.15145838908215145,0.7467018469656992,0.2518353726362625,0.8,,['entity']
1033,1343,0.7691734921816828,0.6813984168865436,0.7226302903112977,0.85,,['entity']
1020,1063,0.9595484477892756,0.6728232189973615,0.7910042652190772,0.9,,['entity']
1011,1026,0.9853801169590644,0.66688654353562,0.7954366640440597,0.94,,['entity']
1009,1022,0.987279843444227,0.6655672823218998,0.7951142631993695,0.95,,['entity']
1008,1021,0.9872673849167483,0.6649076517150396,0.794639337800552,0.96,,['entity']
1008,1021,0.9872673849167483,0.6649076517150396,0.794639337800552,0.97,,['entity']
1008,1021,0.9872673849167483,0.6649076517150396,0.794639337800552,0.98,,['entity']
1008,1021,0.9872673849167483,0.6649076517150396,0.794639337800552,0.99,,['entity']
1392,30863,0.045102549978939185,0.9182058047493403,0.08598165477624387,0.7,,['triple']
1343,23364,0.05748159561718884,0.8858839050131926,0.10795819935691318,0.75,,['triple']
1175,9796,0.1199469171090241,0.775065963060686,0.20774398868458277,0.8,,['triple']
1034,1596,0.6478696741854637,0.6820580474934037,0.6645244215938303,0.85,,['triple']
1021,1072,0.9524253731343284,0.6734828496042217,0.7890262751159196,0.9,,['triple']
1011,1026,0.9853801169590644,0.66688654353562,0.7954366640440597,0.94,,['triple']
1009,1022,0.987279843444227,0.6655672823218998,0.7951142631993695,0.95,,['triple']
1008,1021,0.9872673849167483,0.6649076517150396,0.794639337800552,0.96,,['triple']
1008,1021,0.9872673849167483,0.6649076517150396,0.794639337800552,0.97,,['triple']
1008,1021,0.9872673849167483,0.6649076517150396,0.794639337800552,0.98,,['triple']
1008,1021,0.9872673849167483,0.6649076517150396,0.794639337800552,0.99,,['triple']
1313,24048,0.05459913506320692,0.8660949868073878,0.10272257862619308,0.7,,['path']
1155,12611,0.09158671001506621,0.7618733509234829,0.16351667020598853,0.75,,['path']
1124,7862,0.14296616636988044,0.741424802110818,0.23970995947963317,0.8,,['path']
1041,3493,0.29802462066991126,0.6866754617414248,0.4156518267119185,0.85,,['path']
1016,1061,0.9575871819038643,0.6701846965699209,0.7885137757081879,0.9,,['path']
1008,1021,0.9872673849167483,0.6649076517150396,0.794639337800552,0.94,,['path']
1008,1021,0.9872673849167483,0.6649076517150396,0.794639337800552,0.95,,['path']
1008,1021,0.9872673849167483,0.6649076517150396,0.794639337800552,0.96,,['path']
1008,1021,0.9872673849167483,0.6649076517150396,0.794639337800552,0.97,,['path']
1008,1021,0.9872673849167483,0.6649076517150396,0.794639337800552,0.98,,['path']
1008,1021,0.9872673849167483,0.6649076517150396,0.794639337800552,0.99,,['path']
1392,30863,0.045102549978939185,0.9182058047493403,0.08598165477624387,0.7,,"['entity', 'triple']"
1343,23364,0.05748159561718884,0.8858839050131926,0.10795819935691318,0.75,,"['entity', 'triple']"
1175,9796,0.1199469171090241,0.775065963060686,0.20774398868458277,0.8,,"['entity', 'triple']"
1034,1596,0.6478696741854637,0.6820580474934037,0.6645244215938303,0.85,,"['entity', 'triple']"
1021,1072,0.9524253731343284,0.6734828496042217,0.7890262751159196,0.9,,"['entity', 'triple']"
1011,1026,0.9853801169590644,0.66688654353562,0.7954366640440597,0.94,,"['entity', 'triple']"
1009,1022,0.987279843444227,0.6655672823218998,0.7951142631993695,0.95,,"['entity', 'triple']"
1008,1021,0.9872673849167483,0.6649076517150396,0.794639337800552,0.96,,"['entity', 'triple']"
1008,1021,0.9872673849167483,0.6649076517150396,0.794639337800552,0.97,,"['entity', 'triple']"
1008,1021,0.9872673849167483,0.6649076517150396,0.794639337800552,0.98,,"['entity', 'triple']"
1008,1021,0.9872673849167483,0.6649076517150396,0.794639337800552,0.99,,"['entity', 'triple']"
1313,24048,0.05459913506320692,0.8660949868073878,0.10272257862619308,0.7,,"['entity', 'path']"
1155,12611,0.09158671001506621,0.7618733509234829,0.16351667020598853,0.75,,"['entity', 'path']"
1124,7862,0.14296616636988044,0.741424802110818,0.23970995947963317,0.8,,"['entity', 'path']"
1041,3493,0.29802462066991126,0.6866754617414248,0.4156518267119185,0.85,,"['entity', 'path']"
1016,1061,0.9575871819038643,0.6701846965699209,0.7885137757081879,0.9,,"['entity', 'path']"
1008,1021,0.9872673849167483,0.6649076517150396,0.794639337800552,0.94,,"['entity', 'path']"
1008,1021,0.9872673849167483,0.6649076517150396,0.794639337800552,0.95,,"['entity', 'path']"
1008,1021,0.9872673849167483,0.6649076517150396,0.794639337800552,0.96,,"['entity', 'path']"
1008,1021,0.9872673849167483,0.6649076517150396,0.794639337800552,0.97,,"['entity', 'path']"
1008,1021,0.9872673849167483,0.6649076517150396,0.794639337800552,0.98,,"['entity', 'path']"
1008,1021,0.9872673849167483,0.6649076517150396,0.794639337800552,0.99,,"['entity', 'path']"
1391,30907,0.04500598569903258,0.9175461741424802,0.08580328778953213,0.7,,"['triple', 'path']"
1327,22977,0.05775340557949254,0.8753298153034301,0.10835748989507207,0.75,,"['triple', 'path']"
1157,9663,0.11973507192383318,0.7631926121372031,0.20699525896770732,0.8,,"['triple', 'path']"
1044,2890,0.3612456747404844,0.6886543535620053,0.47389922832501136,0.85,,"['triple', 'path']"
1020,1065,0.9577464788732394,0.6728232189973615,0.790391321193336,0.9,,"['triple', 'path']"
1008,1021,0.9872673849167483,0.6649076517150396,0.794639337800552,0.94,,"['triple', 'path']"
1008,1021,0.9872673849167483,0.6649076517150396,0.794639337800552,0.95,,"['triple', 'path']"
1008,1021,0.9872673849167483,0.6649076517150396,0.794639337800552,0.96,,"['triple', 'path']"
1008,1021,0.9872673849167483,0.6649076517150396,0.794639337800552,0.97,,"['triple', 'path']"
1008,1021,0.9872673849167483,0.6649076517150396,0.794639337800552,0.98,,"['triple', 'path']"
1008,1021,0.9872673849167483,0.6649076517150396,0.794639337800552,0.99,,"['triple', 'path']"
1391,30907,0.04500598569903258,0.9175461741424802,0.08580328778953213,0.7,,"['entity', 'triple', 'path']"
1327,22977,0.05775340557949254,0.8753298153034301,0.10835748989507207,0.75,,"['entity', 'triple', 'path']"
1157,9663,0.11973507192383318,0.7631926121372031,0.20699525896770732,0.8,,"['entity', 'triple', 'path']"
1044,2890,0.3612456747404844,0.6886543535620053,0.47389922832501136,0.85,,"['entity', 'triple', 'path']"
1020,1065,0.9577464788732394,0.6728232189973615,0.790391321193336,0.9,,"['entity', 'triple', 'path']"
1008,1021,0.9872673849167483,0.6649076517150396,0.794639337800552,0.94,,"['entity', 'triple', 'path']"
1008,1021,0.9872673849167483,0.6649076517150396,0.794639337800552,0.95,,"['entity', 'triple', 'path']"
1008,1021,0.9872673849167483,0.6649076517150396,0.794639337800552,0.96,,"['entity', 'triple', 'path']"
1008,1021,0.9872673849167483,0.6649076517150396,0.794639337800552,0.97,,"['entity', 'triple', 'path']"
1008,1021,0.9872673849167483,0.6649076517150396,0.794639337800552,0.98,,"['entity', 'triple', 'path']"
1008,1021,0.9872673849167483,0.6649076517150396,0.794639337800552,0.99,,"['entity', 'triple', 'path']"
